﻿<values>
  <value name="PID" type="int">36294</value>
  <value name="vscodeversion" type="string">1.86.2</value>
  <value name="extname" type="string">ms-dotnettools.csdevkit</value>
  <value name="VSIs64BitProcess" type="string">True</value>
  <value name="ShutdownReason" type="int">3</value>
  <value name="ExeName" type="string">rzls</value>
  <value name="VSExeVersion" type="string">7.0.24.16804</value>
  <value name="extversion" type="string">1.4.29</value>
  <value name="CTime" type="qword">133574389156717023</value>
  <value name="StillAlive" type="qword">133574431161503857</value>
  <value name="VSInstanceId" type="string">aa5d3256-3b24-4e18-9d81-590a35c96b9f1712965311978</value>
</values>